ID,Titulo,Autor,Año,Genero
B0001,La historia de la selva,José P.,1833,Distopía
B0002,Viaje a la selva,Tomás K.,2018,Aventura
B0003,Memorias de el silencio,Isabel T.,1914,Histórica
B0004,Viaje a el futuro,José P.,1903,Ciencia ficción
B0005,Los días de la esperanza,José P.,1824,Aventura
B0006,La historia de el abismo,Carlos D.,1916,Biografía
B0007,La historia de la luna,Valeria B.,1909,Drama
B0008,El guardián de el inicio,José P.,1942,Aventura
B0009,El misterio de el silencio,Valeria B.,2012,Romance
B0010,La historia de la eternidad,Lucía M.,1834,Aventura
B0011,La sombra de el futuro,Lucía M.,1975,Biografía
B0012,Memorias de la luna,Ariana V.,1805,Romance
B0013,La sombra de la eternidad,Valeria B.,1804,Drama
B0014,El legado de el abismo,Ariana V.,1947,Fantasía
B0015,La historia de el fin,Isabel T.,1982,Thriller
B0016,Memorias de la esperanza,Carlos D.,1814,Histórica
B0017,Memorias de el futuro,Lucía M.,1864,Thriller
B0018,La historia de la selva,Tomás K.,1836,Aventura
B0019,El legado de la eternidad,Lucía M.,1972,Distopía
B0020,Viaje a el futuro,Martín Q.,1829,Histórica
B0021,Memorias de el inicio,Lucía M.,1941,Distopía
B0022,Crónicas de la selva,Valeria B.,2003,Biografía
B0023,El misterio de el futuro,Isabel T.,1846,Aventura
B0024,La sombra de la eternidad,Elena C.,1973,Distopía
B0025,La historia de la selva,Elena C.,1990,Thriller
B0026,Viaje a el abismo,José P.,1989,Thriller
B0027,Viaje a la luna,Fernando G.,1956,Histórica
B0028,Crónicas de la selva,Tomás K.,1833,Misterio
B0029,La historia de el futuro,Ariana V.,1875,Drama
B0030,La sombra de el futuro,Fernando G.,1957,Aventura
B0031,El guardián de el silencio,Valeria B.,2020,Fantasía
B0032,El guardián de el fin,Martín Q.,1953,Aventura
B0033,El misterio de el fin,Tomás K.,1818,Biografía
B0034,El guardián de la eternidad,Carlos D.,1847,Ciencia ficción
B0035,La sombra de el futuro,Lucía M.,1957,Ciencia ficción
B0036,La sombra de el fin,Elena C.,1987,Romance
B0037,Viaje a el silencio,Elena C.,1863,Ciencia ficción
B0038,Los días de los dragones,Elena C.,2023,Misterio
B0039,Los días de el futuro,Isabel T.,1857,Histórica
B0040,El guardián de el silencio,Lucía M.,2014,Aventura
B0041,La sombra de el silencio,Valeria B.,1972,Distopía
B0042,El misterio de la eternidad,Isabel T.,1919,Aventura
B0043,El misterio de el futuro,Isabel T.,1996,Romance
B0044,El misterio de el abismo,Martín Q.,2013,Histórica
B0045,Viaje a el fin,Tomás K.,1809,Drama
B0046,El misterio de la esperanza,Martín Q.,1965,Fantasía
B0047,La historia de la eternidad,Elena C.,1872,Aventura
B0048,El guardián de la eternidad,Isabel T.,1861,Misterio
B0049,El misterio de la luna,Martín Q.,1936,Distopía
B0050,El misterio de la selva,Isabel T.,1829,Biografía
B0051,El misterio de los dragones,Lucía M.,1848,Distopía
B0052,Memorias de el fin,Elena C.,1811,Romance
B0053,El guardián de los dragones,Tomás K.,1837,Distopía
B0054,Crónicas de el futuro,José P.,1911,Romance
B0055,El guardián de el futuro,Tomás K.,1948,Fantasía
B0056,Memorias de la eternidad,Carlos D.,1844,Thriller
B0057,El secreto de el inicio,Tomás K.,2000,Biografía
B0058,El guardián de los dragones,Ariana V.,1985,Histórica
B0059,Viaje a la eternidad,Tomás K.,1939,Aventura
B0060,Crónicas de la esperanza,José P.,1980,Thriller
B0061,El guardián de el inicio,Valeria B.,1909,Distopía
B0062,Crónicas de el fin,Elena C.,1834,Romance
B0063,Viaje a la esperanza,Lucía M.,1989,Fantasía
B0064,El legado de la eternidad,Isabel T.,1972,Thriller
B0065,El misterio de la luna,Elena C.,1912,Distopía
B0066,La sombra de los dragones,Ariana V.,1954,Ciencia ficción
B0067,El guardián de el silencio,Ariana V.,1886,Ciencia ficción
B0068,La sombra de la esperanza,Ariana V.,1816,Distopía
B0069,El misterio de los dragones,Carlos D.,1864,Aventura
B0070,El legado de la esperanza,Ariana V.,1907,Thriller
B0071,El secreto de el inicio,Valeria B.,1837,Histórica
B0072,Memorias de los dragones,Isabel T.,1817,Fantasía
B0073,El secreto de la eternidad,Tomás K.,1833,Drama
B0074,El secreto de la luna,José P.,2018,Distopía
B0075,La sombra de la esperanza,Valeria B.,1920,Histórica
B0076,Crónicas de el abismo,Ariana V.,1960,Fantasía
B0077,La sombra de la luna,Tomás K.,1825,Drama
B0078,El misterio de el silencio,Ariana V.,1956,Romance
B0079,Los días de el inicio,Elena C.,1815,Drama
B0080,Crónicas de el abismo,Lucía M.,1858,Romance
B0081,El misterio de la esperanza,Isabel T.,1959,Fantasía
B0082,La sombra de el abismo,Tomás K.,2011,Thriller
B0083,La historia de el inicio,José P.,2020,Thriller
B0084,El misterio de el abismo,Elena C.,1920,Histórica
B0085,El secreto de la selva,Tomás K.,1806,Drama
B0086,Memorias de la esperanza,José P.,1995,Romance
B0087,Los días de el abismo,Fernando G.,1986,Histórica
B0088,La sombra de el inicio,Martín Q.,1816,Histórica
B0089,Los días de el futuro,Tomás K.,1940,Distopía
B0090,El misterio de los dragones,Carlos D.,1897,Misterio
B0091,La historia de el inicio,Fernando G.,2009,Romance
B0092,El legado de la luna,Tomás K.,1916,Misterio
B0093,La sombra de la eternidad,Lucía M.,1973,Fantasía
B0094,La historia de los dragones,Fernando G.,1859,Fantasía
B0095,La historia de el silencio,Martín Q.,1939,Drama
B0096,Los días de el inicio,José P.,1872,Fantasía
B0097,Los días de la luna,Valeria B.,1897,Histórica
B0098,Memorias de la eternidad,Lucía M.,1968,Misterio
B0099,La sombra de el fin,José P.,1845,Drama
B0100,El secreto de el fin,Fernando G.,1901,Ciencia ficción
B0101,El guardián de el silencio,Lucía M.,1954,Romance
B0102,El secreto de el fin,Isabel T.,1802,Thriller
B0103,Memorias de el inicio,Martín Q.,1965,Romance
B0104,La sombra de la luna,Lucía M.,2008,Histórica
B0105,El guardián de los dragones,Fernando G.,1922,Thriller
B0106,La historia de la selva,Isabel T.,1896,Distopía
B0107,Los días de los dragones,Ariana V.,1950,Thriller
B0108,El misterio de el fin,Ariana V.,1959,Histórica
B0109,La sombra de el silencio,Martín Q.,1885,Thriller
B0110,El secreto de el silencio,Carlos D.,1922,Romance
B0111,Los días de la eternidad,Martín Q.,1809,Misterio
B0112,Viaje a el silencio,Fernando G.,2023,Misterio
B0113,El legado de los dragones,Isabel T.,1845,Histórica
B0114,Viaje a la eternidad,Elena C.,1978,Drama
B0115,Memorias de la luna,Isabel T.,1869,Drama
B0116,Crónicas de la luna,Valeria B.,1855,Distopía
B0117,La sombra de el inicio,Valeria B.,2009,Drama
B0118,El misterio de el fin,Martín Q.,2011,Biografía
B0119,Memorias de el inicio,Isabel T.,1977,Fantasía
B0120,El secreto de la eternidad,José P.,1912,Romance
B0121,Los días de la eternidad,Carlos D.,1827,Romance
B0122,La historia de la selva,José P.,1957,Drama
B0123,La historia de el fin,Martín Q.,1898,Romance
B0124,La sombra de el silencio,Martín Q.,2015,Histórica
B0125,La sombra de el abismo,Valeria B.,1963,Aventura
B0126,Memorias de la eternidad,José P.,1859,Fantasía
B0127,El guardián de el inicio,Lucía M.,2016,Biografía
B0128,El misterio de el abismo,Elena C.,1804,Distopía
B0129,Memorias de la luna,Ariana V.,1878,Drama
B0130,El guardián de la eternidad,Ariana V.,2010,Histórica
B0131,El guardián de el abismo,Ariana V.,1845,Thriller
B0132,El legado de el silencio,Fernando G.,1949,Fantasía
B0133,El legado de el fin,Martín Q.,1867,Ciencia ficción
B0134,Los días de el abismo,Ariana V.,1906,Histórica
B0135,El legado de el fin,Fernando G.,1813,Fantasía
B0136,El guardián de el futuro,Isabel T.,1800,Thriller
B0137,La sombra de la luna,Ariana V.,1801,Misterio
B0138,Viaje a el futuro,Elena C.,1802,Romance
B0139,Los días de el inicio,Tomás K.,1845,Ciencia ficción
B0140,El legado de el silencio,Lucía M.,1996,Misterio
B0141,Viaje a el futuro,Elena C.,1991,Aventura
B0142,El misterio de la esperanza,Fernando G.,1931,Ciencia ficción
B0143,El misterio de el inicio,Ariana V.,1867,Biografía
B0144,Los días de la luna,Carlos D.,1935,Misterio
B0145,El secreto de el abismo,Valeria B.,1850,Histórica
B0146,El guardián de los dragones,Ariana V.,1832,Biografía
B0147,El legado de el inicio,Tomás K.,1879,Misterio
B0148,Viaje a los dragones,Carlos D.,1950,Thriller
B0149,Viaje a la selva,Tomás K.,1826,Drama
B0150,La historia de la esperanza,Ariana V.,1914,Distopía
B0151,El misterio de la eternidad,Isabel T.,1868,Ciencia ficción
B0152,El misterio de la esperanza,Elena C.,1849,Histórica
B0153,La sombra de el futuro,Lucía M.,2020,Fantasía
B0154,Memorias de la luna,Fernando G.,1940,Thriller
B0155,Los días de la luna,Fernando G.,2013,Ciencia ficción
B0156,El secreto de el inicio,Fernando G.,1929,Histórica
B0157,El guardián de el inicio,José P.,1946,Drama
B0158,La historia de el abismo,Elena C.,1818,Distopía
B0159,La historia de la eternidad,José P.,1901,Drama
B0160,La sombra de el inicio,José P.,1855,Biografía
B0161,Memorias de los dragones,Elena C.,1935,Biografía
B0162,El secreto de los dragones,Isabel T.,1841,Romance
B0163,El misterio de la luna,Fernando G.,1901,Romance
B0164,Los días de la selva,Fernando G.,1863,Histórica
B0165,La historia de el silencio,Elena C.,1991,Biografía
B0166,La sombra de los dragones,Isabel T.,1990,Biografía
B0167,El guardián de la luna,Martín Q.,1986,Ciencia ficción
B0168,Crónicas de la luna,Elena C.,1847,Histórica
B0169,El misterio de la luna,José P.,1805,Histórica
B0170,El legado de la esperanza,Carlos D.,1943,Histórica
B0171,El misterio de la eternidad,Elena C.,1841,Aventura
B0172,El secreto de el abismo,Valeria B.,2024,Ciencia ficción
B0173,Crónicas de la luna,Isabel T.,1860,Drama
B0174,Viaje a la luna,Isabel T.,1877,Romance
B0175,La historia de el silencio,Elena C.,1912,Ciencia ficción
B0176,El secreto de el futuro,Elena C.,1848,Ciencia ficción
B0177,El guardián de el silencio,Fernando G.,1818,Biografía
B0178,El legado de los dragones,Isabel T.,1963,Drama
B0179,El legado de la esperanza,Isabel T.,2007,Aventura
B0180,Memorias de el abismo,José P.,1986,Romance
B0181,La sombra de la luna,José P.,1822,Histórica
B0182,Los días de la esperanza,Fernando G.,1828,Distopía
B0183,El legado de el abismo,Fernando G.,1997,Biografía
B0184,El secreto de el silencio,Fernando G.,2001,Drama
B0185,El misterio de la eternidad,Valeria B.,1868,Drama
B0186,La historia de el futuro,José P.,1814,Biografía
B0187,Memorias de el silencio,Ariana V.,1995,Thriller
B0188,La historia de el abismo,Tomás K.,1955,Drama
B0189,La sombra de la luna,Ariana V.,1888,Distopía
B0190,El misterio de el inicio,Valeria B.,1819,Distopía
B0191,Viaje a la selva,Tomás K.,1803,Biografía
B0192,La historia de la luna,Isabel T.,1968,Biografía
B0193,La sombra de la selva,Valeria B.,1930,Drama
B0194,El legado de el silencio,José P.,1834,Ciencia ficción
B0195,Crónicas de el fin,Elena C.,1966,Biografía
B0196,Memorias de los dragones,Fernando G.,1997,Distopía
B0197,Los días de la selva,Ariana V.,1905,Histórica
B0198,Los días de la selva,José P.,1899,Romance
B0199,El guardián de el abismo,Valeria B.,1828,Romance
B0200,El secreto de el abismo,Elena C.,1881,Fantasía
B0201,Viaje a el fin,Martín Q.,1883,Fantasía
B0202,El guardián de la esperanza,Elena C.,1999,Distopía
B0203,El secreto de la esperanza,Martín Q.,1930,Ciencia ficción
B0204,El misterio de el abismo,Isabel T.,1985,Fantasía
B0205,El legado de los dragones,Valeria B.,1959,Thriller
B0206,Los días de el inicio,Lucía M.,2021,Drama
B0207,El guardián de el fin,Valeria B.,1945,Misterio
B0208,El secreto de el futuro,Isabel T.,2018,Histórica
B0209,La sombra de el abismo,Elena C.,1927,Misterio
B0210,Viaje a la eternidad,Ariana V.,1992,Thriller
B0211,Crónicas de el silencio,Carlos D.,1929,Misterio
B0212,El secreto de los dragones,Fernando G.,1907,Ciencia ficción
B0213,El secreto de el abismo,Ariana V.,2005,Aventura
B0214,Viaje a la selva,Isabel T.,1933,Aventura
B0215,El guardián de el silencio,Lucía M.,1950,Thriller
B0216,Viaje a el silencio,Martín Q.,1955,Histórica
B0217,Los días de la esperanza,Elena C.,1896,Distopía
B0218,El secreto de los dragones,Elena C.,1818,Thriller
B0219,El legado de la selva,Valeria B.,2016,Histórica
B0220,Crónicas de la selva,Isabel T.,1979,Misterio
B0221,Los días de el inicio,Fernando G.,1988,Ciencia ficción
B0222,El misterio de el fin,Lucía M.,1926,Distopía
B0223,Viaje a la esperanza,Valeria B.,1856,Romance
B0224,Viaje a la esperanza,Lucía M.,1992,Histórica
B0225,El legado de el abismo,Isabel T.,1964,Biografía
B0226,El guardián de la esperanza,Isabel T.,1884,Fantasía
B0227,La sombra de la eternidad,Martín Q.,1960,Misterio
B0228,El legado de la eternidad,Carlos D.,1992,Drama
B0229,El guardián de el inicio,Lucía M.,1893,Biografía
B0230,El guardián de los dragones,José P.,1897,Romance
B0231,El legado de la eternidad,Valeria B.,1844,Distopía
B0232,Crónicas de la eternidad,Lucía M.,1921,Biografía
B0233,La sombra de la esperanza,Valeria B.,1807,Ciencia ficción
B0234,Viaje a la eternidad,Elena C.,1839,Romance
B0235,El misterio de el inicio,Tomás K.,1981,Drama
B0236,Crónicas de el silencio,Valeria B.,1968,Romance
B0237,El guardián de la selva,José P.,1945,Drama
B0238,Memorias de el fin,Ariana V.,1950,Aventura
B0239,La historia de la esperanza,Lucía M.,1964,Romance
B0240,La sombra de los dragones,Martín Q.,1927,Thriller
B0241,Crónicas de la eternidad,Valeria B.,2000,Distopía
B0242,El legado de el inicio,Fernando G.,1949,Romance
B0243,El secreto de la eternidad,Ariana V.,1981,Thriller
B0244,La sombra de el silencio,Isabel T.,1902,Biografía
B0245,El misterio de el inicio,Tomás K.,1973,Distopía
B0246,La sombra de la luna,Martín Q.,1806,Misterio
B0247,El legado de la esperanza,Ariana V.,2020,Thriller
B0248,Viaje a la eternidad,Fernando G.,1821,Ciencia ficción
B0249,Viaje a la esperanza,Elena C.,2018,Distopía
B0250,La sombra de el fin,Isabel T.,1952,Romance
B0251,El secreto de los dragones,José P.,1846,Thriller
B0252,Los días de el fin,Lucía M.,1807,Histórica
B0253,El legado de el inicio,José P.,2018,Romance
B0254,Los días de el futuro,Tomás K.,2001,Thriller
B0255,La sombra de la eternidad,Lucía M.,1947,Ciencia ficción
B0256,Viaje a el fin,Fernando G.,1974,Fantasía
B0257,El guardián de el silencio,José P.,1919,Biografía
B0258,Memorias de la esperanza,Carlos D.,1931,Drama
B0259,Viaje a los dragones,Martín Q.,1887,Distopía
B0260,Crónicas de el abismo,José P.,1933,Drama
B0261,Memorias de la eternidad,Fernando G.,1888,Biografía
B0262,Viaje a la eternidad,Martín Q.,1957,Drama
B0263,El guardián de el inicio,Elena C.,1940,Misterio
B0264,La sombra de la eternidad,Elena C.,1911,Misterio
B0265,La sombra de la esperanza,José P.,1876,Fantasía
B0266,Memorias de el fin,Isabel T.,1899,Ciencia ficción
B0267,La sombra de el fin,José P.,1970,Thriller
B0268,Memorias de el fin,Valeria B.,1859,Misterio
B0269,La sombra de el futuro,Fernando G.,1949,Thriller
B0270,Memorias de la esperanza,Tomás K.,1888,Histórica
B0271,Crónicas de la luna,Valeria B.,1868,Distopía
B0272,Crónicas de la eternidad,Elena C.,1937,Misterio
B0273,La sombra de el silencio,Tomás K.,1826,Misterio
B0274,Los días de el abismo,José P.,1963,Thriller
B0275,Los días de el inicio,Tomás K.,1931,Biografía
B0276,Memorias de el inicio,Carlos D.,1820,Drama
B0277,El secreto de la eternidad,José P.,2007,Aventura
B0278,El secreto de la luna,Lucía M.,1948,Biografía
B0279,El misterio de el inicio,Lucía M.,1840,Thriller
B0280,El guardián de el inicio,Lucía M.,1884,Histórica
B0281,El misterio de la esperanza,Tomás K.,1911,Misterio
B0282,El guardián de el inicio,Isabel T.,1944,Histórica
B0283,El guardián de el inicio,Tomás K.,1897,Biografía
B0284,La sombra de la eternidad,Tomás K.,1859,Drama
B0285,Crónicas de los dragones,Valeria B.,1824,Misterio
B0286,La historia de el silencio,Carlos D.,1941,Thriller
B0287,La sombra de el inicio,Lucía M.,1993,Fantasía
B0288,Memorias de el fin,Fernando G.,1983,Ciencia ficción
B0289,Viaje a la selva,Fernando G.,1825,Misterio
B0290,El secreto de la eternidad,Isabel T.,1970,Aventura
B0291,Memorias de la eternidad,Isabel T.,1804,Fantasía
B0292,Crónicas de el abismo,Ariana V.,1894,Histórica
B0293,Viaje a el abismo,Isabel T.,1879,Drama
B0294,Viaje a la eternidad,Fernando G.,1875,Ciencia ficción
B0295,La sombra de la eternidad,Martín Q.,1820,Misterio
B0296,La sombra de la selva,Elena C.,1996,Ciencia ficción
B0297,El secreto de la selva,Fernando G.,1813,Misterio
B0298,Viaje a la selva,Carlos D.,1932,Fantasía
B0299,Crónicas de el abismo,Isabel T.,1902,Biografía
B0300,El secreto de el fin,Ariana V.,1879,Histórica
B0301,El legado de el abismo,Tomás K.,1892,Drama
B0302,El secreto de la selva,Elena C.,1915,Thriller
B0303,El misterio de el fin,Carlos D.,1922,Romance
B0304,El secreto de la esperanza,Elena C.,1809,Fantasía
B0305,Crónicas de la selva,Lucía M.,2009,Distopía
B0306,Viaje a la eternidad,Tomás K.,1915,Ciencia ficción
B0307,Memorias de el futuro,Ariana V.,1977,Romance
B0308,El legado de la luna,Valeria B.,1823,Ciencia ficción
B0309,Memorias de la luna,Lucía M.,1963,Drama
B0310,El misterio de los dragones,Lucía M.,1912,Biografía
B0311,Viaje a la eternidad,Isabel T.,1919,Histórica
B0312,La sombra de la eternidad,Carlos D.,1810,Biografía
B0313,El misterio de los dragones,Valeria B.,1950,Romance
B0314,La sombra de la esperanza,Isabel T.,1843,Histórica
B0315,El legado de la eternidad,Lucía M.,1822,Misterio
B0316,Los días de la luna,Fernando G.,1988,Distopía
B0317,La historia de la selva,Ariana V.,1937,Thriller
B0318,El legado de los dragones,Valeria B.,1861,Fantasía
B0319,Viaje a el fin,Martín Q.,1925,Ciencia ficción
B0320,Memorias de la esperanza,José P.,1850,Misterio
B0321,La historia de el inicio,José P.,1911,Drama
B0322,Viaje a la esperanza,Carlos D.,1842,Biografía
B0323,La historia de el inicio,Lucía M.,1845,Thriller
B0324,Los días de el inicio,Ariana V.,1950,Histórica
B0325,El secreto de el abismo,José P.,1929,Drama
B0326,Los días de el futuro,Valeria B.,1962,Misterio
B0327,El secreto de la esperanza,Tomás K.,1924,Biografía
B0328,El misterio de el abismo,Carlos D.,1906,Aventura
B0329,La historia de el abismo,Martín Q.,1987,Histórica
B0330,La historia de el silencio,Lucía M.,1850,Histórica
B0331,Memorias de el fin,Fernando G.,1994,Histórica
B0332,El guardián de el silencio,Elena C.,1847,Distopía
B0333,El guardián de el abismo,Valeria B.,1940,Histórica
B0334,Crónicas de el inicio,Valeria B.,1991,Aventura
B0335,Memorias de la selva,Elena C.,1912,Biografía
B0336,El guardián de la esperanza,José P.,1979,Misterio
B0337,Crónicas de la luna,Tomás K.,1944,Histórica
B0338,Viaje a el inicio,Tomás K.,1881,Fantasía
B0339,Crónicas de los dragones,Ariana V.,1973,Drama
B0340,El misterio de la luna,Isabel T.,1873,Distopía
B0341,El misterio de la luna,Ariana V.,1866,Misterio
B0342,La sombra de el silencio,Elena C.,1973,Histórica
B0343,La sombra de el futuro,Lucía M.,1962,Romance
B0344,El misterio de la luna,Fernando G.,1885,Ciencia ficción
B0345,El guardián de la esperanza,José P.,1828,Drama
B0346,El misterio de el fin,Elena C.,1847,Biografía
B0347,Crónicas de la eternidad,Lucía M.,1997,Misterio
B0348,El guardián de la luna,Martín Q.,1841,Thriller
B0349,El legado de el silencio,Tomás K.,1828,Histórica
B0350,Los días de la selva,Isabel T.,2021,Drama
B0351,La sombra de la luna,Tomás K.,1954,Biografía
B0352,El legado de la eternidad,José P.,1997,Histórica
B0353,La historia de el inicio,Fernando G.,1998,Thriller
B0354,La sombra de el abismo,Isabel T.,1966,Misterio
B0355,Los días de el futuro,Tomás K.,1974,Distopía
B0356,La sombra de el fin,Valeria B.,1899,Thriller
B0357,Los días de la luna,Elena C.,1922,Fantasía
B0358,El guardián de el fin,Lucía M.,1908,Distopía
B0359,El secreto de la eternidad,Tomás K.,1934,Romance
B0360,El legado de los dragones,Isabel T.,1918,Ciencia ficción
B0361,La historia de el inicio,Fernando G.,1809,Romance
B0362,La sombra de el abismo,Lucía M.,1978,Ciencia ficción
B0363,El legado de la eternidad,Valeria B.,1981,Histórica
B0364,La historia de el inicio,José P.,2010,Romance
B0365,Memorias de el fin,Valeria B.,1969,Histórica
B0366,Los días de la selva,Tomás K.,2020,Romance
B0367,La historia de el fin,Elena C.,2001,Biografía
B0368,Memorias de la eternidad,Valeria B.,1869,Drama
B0369,El misterio de el abismo,Valeria B.,1945,Fantasía
B0370,La historia de el abismo,Isabel T.,1822,Fantasía
B0371,Viaje a el silencio,Elena C.,1934,Drama
B0372,La historia de los dragones,Martín Q.,1956,Distopía
B0373,El secreto de la selva,Elena C.,1957,Thriller
B0374,La sombra de el futuro,Elena C.,1968,Thriller
B0375,Crónicas de la esperanza,Isabel T.,1991,Histórica
B0376,El legado de el fin,Isabel T.,1827,Distopía
B0377,El misterio de el inicio,Tomás K.,2024,Aventura
B0378,Memorias de el fin,Elena C.,1978,Distopía
B0379,Viaje a la selva,Valeria B.,1832,Romance
B0380,El guardián de el silencio,Elena C.,1888,Ciencia ficción
B0381,La historia de el futuro,Ariana V.,1875,Distopía
B0382,El secreto de los dragones,José P.,1843,Fantasía
B0383,Crónicas de el fin,Elena C.,1810,Misterio
B0384,Memorias de la esperanza,Elena C.,1856,Romance
B0385,La sombra de el fin,Martín Q.,1863,Aventura
B0386,Memorias de la esperanza,Fernando G.,2010,Thriller
B0387,El misterio de el abismo,Tomás K.,1951,Aventura
B0388,Los días de el fin,Martín Q.,1828,Fantasía
B0389,Viaje a la esperanza,Lucía M.,1976,Thriller
B0390,Los días de el fin,Fernando G.,1944,Thriller
B0391,El secreto de los dragones,Elena C.,1907,Drama
B0392,Los días de el futuro,Tomás K.,1899,Thriller
B0393,El secreto de el futuro,Valeria B.,1893,Romance
B0394,El misterio de el silencio,Ariana V.,1982,Aventura
B0395,Los días de la eternidad,Ariana V.,1949,Misterio
B0396,El misterio de la esperanza,José P.,2020,Biografía
B0397,Los días de la eternidad,Carlos D.,1917,Romance
B0398,Viaje a el inicio,Tomás K.,1871,Histórica
B0399,El guardián de la luna,José P.,1935,Biografía
B0400,El guardián de el fin,Fernando G.,1868,Aventura
B0401,La historia de el inicio,Elena C.,1871,Thriller
B0402,El secreto de la esperanza,Elena C.,1994,Ciencia ficción
B0403,Los días de la selva,Carlos D.,2024,Biografía
B0404,Viaje a la selva,Martín Q.,1913,Drama
B0405,La sombra de la selva,Tomás K.,1889,Fantasía
B0406,La historia de el inicio,Isabel T.,1952,Aventura
B0407,El guardián de la eternidad,Tomás K.,1906,Aventura
B0408,Memorias de el futuro,Valeria B.,1874,Biografía
B0409,Crónicas de la eternidad,Elena C.,2024,Fantasía
B0410,Crónicas de el futuro,Valeria B.,1945,Distopía
B0411,Memorias de el inicio,Carlos D.,1856,Biografía
B0412,La historia de el inicio,José P.,1933,Ciencia ficción
B0413,Crónicas de el inicio,Martín Q.,1844,Distopía
B0414,El misterio de la esperanza,Carlos D.,1943,Drama
B0415,Los días de la luna,Carlos D.,1943,Biografía
B0416,El guardián de la luna,Tomás K.,1841,Misterio
B0417,El misterio de el abismo,Isabel T.,1993,Biografía
B0418,Crónicas de la esperanza,Lucía M.,1980,Drama
B0419,Crónicas de el inicio,Martín Q.,1923,Romance
B0420,El secreto de los dragones,Elena C.,1909,Thriller
B0421,Crónicas de el fin,Fernando G.,1871,Aventura
B0422,La historia de el fin,Lucía M.,1881,Fantasía
B0423,El secreto de el abismo,José P.,1837,Distopía
B0424,Los días de la eternidad,Elena C.,1848,Ciencia ficción
B0425,Crónicas de la selva,Elena C.,1997,Drama
B0426,El secreto de el silencio,Valeria B.,1947,Romance
B0427,Los días de la eternidad,Martín Q.,1857,Biografía
B0428,Los días de la luna,José P.,2005,Aventura
B0429,El secreto de el abismo,Lucía M.,1821,Distopía
B0430,El secreto de el inicio,Fernando G.,1801,Fantasía
B0431,Crónicas de la eternidad,Tomás K.,1868,Distopía
B0432,El secreto de la selva,Lucía M.,1816,Drama
B0433,La sombra de la selva,Fernando G.,1843,Fantasía
B0434,Crónicas de el abismo,José P.,1884,Biografía
B0435,La sombra de el fin,Isabel T.,1862,Fantasía
B0436,El legado de el inicio,Tomás K.,1901,Biografía
B0437,La historia de los dragones,Tomás K.,1832,Drama
B0438,La historia de el silencio,Ariana V.,1914,Romance
B0439,El guardián de la luna,Isabel T.,1935,Distopía
B0440,La sombra de los dragones,Martín Q.,2006,Distopía
B0441,El misterio de la luna,Lucía M.,2000,Biografía
B0442,Viaje a el silencio,Carlos D.,1824,Fantasía
B0443,Crónicas de la luna,Fernando G.,1982,Distopía
B0444,Los días de el inicio,Fernando G.,1933,Biografía
B0445,El legado de el abismo,Fernando G.,1889,Thriller
B0446,Los días de el silencio,Isabel T.,1905,Fantasía
B0447,La historia de el inicio,Isabel T.,2004,Thriller
B0448,Memorias de el abismo,Ariana V.,1901,Distopía
B0449,Viaje a la esperanza,Tomás K.,1953,Misterio
B0450,La sombra de los dragones,Carlos D.,2019,Biografía
B0451,La historia de los dragones,Tomás K.,1978,Fantasía
B0452,La sombra de el inicio,José P.,1989,Romance
B0453,El secreto de la selva,Lucía M.,2023,Histórica
B0454,Memorias de los dragones,Valeria B.,1994,Romance
B0455,Memorias de el futuro,Isabel T.,1828,Histórica
B0456,El secreto de el inicio,Tomás K.,1881,Romance
B0457,Viaje a el fin,Isabel T.,1879,Fantasía
B0458,Viaje a la eternidad,Tomás K.,1962,Histórica
B0459,Memorias de el fin,Lucía M.,1922,Biografía
B0460,Los días de la luna,José P.,1916,Romance
B0461,Viaje a el inicio,José P.,1822,Drama
B0462,El guardián de la selva,Martín Q.,1894,Biografía
B0463,El secreto de el fin,Carlos D.,1922,Distopía
B0464,El misterio de el fin,Isabel T.,1971,Ciencia ficción
B0465,Los días de el silencio,Tomás K.,1905,Thriller
B0466,El legado de el inicio,Valeria B.,1833,Thriller
B0467,La historia de el fin,Tomás K.,1841,Aventura
B0468,El secreto de el futuro,Fernando G.,1903,Histórica
B0469,El secreto de la esperanza,Martín Q.,1821,Thriller
B0470,El legado de el abismo,Carlos D.,1845,Ciencia ficción
B0471,El misterio de los dragones,Isabel T.,1968,Misterio
B0472,El legado de el abismo,Martín Q.,1874,Distopía
B0473,La historia de la selva,Isabel T.,1828,Biografía
B0474,El secreto de la eternidad,Carlos D.,1800,Biografía
B0475,El misterio de la selva,Lucía M.,1870,Aventura
B0476,Los días de la selva,Martín Q.,2002,Distopía
B0477,El misterio de la eternidad,Martín Q.,1848,Histórica
B0478,El guardián de la esperanza,Isabel T.,1962,Fantasía
B0479,La sombra de el fin,Tomás K.,1826,Drama
B0480,El guardián de el futuro,Ariana V.,1816,Thriller
B0481,La historia de la selva,José P.,2018,Misterio
B0482,Los días de los dragones,Carlos D.,1838,Thriller
B0483,Memorias de la luna,Ariana V.,1953,Fantasía
B0484,Memorias de la esperanza,Valeria B.,1935,Aventura
B0485,La historia de los dragones,Fernando G.,1960,Misterio
B0486,Viaje a la selva,Tomás K.,1854,Drama
B0487,La sombra de la luna,Elena C.,1919,Misterio
B0488,El legado de los dragones,Martín Q.,1868,Drama
B0489,La historia de el silencio,Lucía M.,1898,Biografía
B0490,El secreto de los dragones,Carlos D.,1983,Histórica
B0491,Viaje a el futuro,Fernando G.,1982,Ciencia ficción
B0492,La sombra de la selva,Martín Q.,1981,Fantasía
B0493,Crónicas de la luna,Tomás K.,1928,Fantasía
B0494,El secreto de los dragones,Ariana V.,1858,Fantasía
B0495,La historia de el futuro,Martín Q.,2018,Aventura
B0496,La historia de la esperanza,Valeria B.,1956,Misterio
B0497,El guardián de el futuro,Tomás K.,1909,Fantasía
B0498,Los días de el futuro,Martín Q.,1890,Distopía
B0499,El legado de la selva,Ariana V.,2001,Ciencia ficción
B0500,El secreto de el silencio,Isabel T.,1870,Thriller
B0501,La historia de la selva,Lucía M.,1860,Biografía
B0502,Los días de la selva,Carlos D.,1953,Thriller
B0503,La sombra de el fin,Ariana V.,1858,Romance
B0504,La sombra de la esperanza,Lucía M.,2021,Misterio
B0505,El guardián de la luna,Fernando G.,1800,Thriller
B0506,Viaje a el abismo,José P.,1839,Aventura
B0507,El misterio de el silencio,Fernando G.,1896,Distopía
B0508,Viaje a la selva,Ariana V.,1982,Romance
B0509,El misterio de la esperanza,Elena C.,2005,Biografía
B0510,Crónicas de el fin,Fernando G.,1916,Biografía
B0511,Memorias de la selva,Ariana V.,1909,Drama
B0512,Crónicas de el futuro,Lucía M.,1977,Romance
B0513,Crónicas de el fin,José P.,1937,Histórica
B0514,El misterio de la luna,Ariana V.,1914,Histórica
B0515,La historia de los dragones,Tomás K.,2004,Aventura
B0516,Memorias de la esperanza,Martín Q.,1967,Distopía
B0517,El misterio de el inicio,Isabel T.,1993,Thriller
B0518,Viaje a la eternidad,Martín Q.,1832,Distopía
B0519,La historia de el silencio,Martín Q.,2011,Histórica
B0520,Los días de la esperanza,Tomás K.,1952,Aventura
B0521,El guardián de el fin,Tomás K.,1879,Histórica
B0522,El legado de la eternidad,Tomás K.,1838,Distopía
B0523,El guardián de el inicio,Fernando G.,1844,Biografía
B0524,Memorias de el futuro,Valeria B.,1965,Misterio
B0525,Crónicas de la selva,Tomás K.,2023,Aventura
B0526,El guardián de el abismo,José P.,1878,Fantasía
B0527,La historia de el fin,Martín Q.,1843,Romance
B0528,Los días de la luna,Isabel T.,1880,Drama
B0529,Memorias de la eternidad,Valeria B.,1910,Drama
B0530,El guardián de el silencio,Elena C.,1826,Distopía
B0531,Viaje a la selva,Valeria B.,1938,Thriller
B0532,El misterio de los dragones,Isabel T.,1965,Drama
B0533,El misterio de el inicio,Elena C.,1813,Distopía
B0534,La historia de el abismo,Fernando G.,1995,Romance
B0535,El guardián de la luna,Valeria B.,1877,Aventura
B0536,Crónicas de el fin,Martín Q.,1836,Ciencia ficción
B0537,La sombra de la luna,Martín Q.,1894,Romance
B0538,La historia de el abismo,Carlos D.,1889,Distopía
B0539,El misterio de los dragones,Ariana V.,1909,Misterio
B0540,Crónicas de la luna,Tomás K.,1921,Biografía
B0541,El guardián de la esperanza,Valeria B.,1854,Drama
B0542,El legado de el silencio,Lucía M.,1897,Distopía
B0543,La sombra de los dragones,José P.,1833,Aventura
B0544,Memorias de la eternidad,Valeria B.,1824,Histórica
B0545,La sombra de el futuro,Elena C.,1937,Ciencia ficción
B0546,Memorias de la selva,Lucía M.,1947,Aventura
B0547,El guardián de el silencio,Martín Q.,1864,Fantasía
B0548,La historia de la esperanza,Valeria B.,1910,Romance
B0549,Memorias de el abismo,José P.,1841,Drama
B0550,Viaje a el fin,Ariana V.,1831,Romance
B0551,Crónicas de el futuro,Carlos D.,1943,Distopía
B0552,La sombra de el fin,Elena C.,1994,Aventura
B0553,El secreto de la eternidad,Valeria B.,1810,Distopía
B0554,La sombra de el futuro,Lucía M.,1902,Biografía
B0555,El legado de la eternidad,Elena C.,2005,Thriller
B0556,El legado de el inicio,José P.,2017,Romance
B0557,El secreto de el inicio,Elena C.,1894,Biografía
B0558,Crónicas de los dragones,Fernando G.,1929,Biografía
B0559,Viaje a el fin,Elena C.,1819,Biografía
B0560,El legado de el inicio,Valeria B.,1984,Romance
B0561,La sombra de los dragones,Ariana V.,1956,Biografía
B0562,Memorias de el silencio,Isabel T.,1993,Aventura
B0563,El misterio de la luna,José P.,1820,Misterio
B0564,La sombra de la selva,Valeria B.,1922,Biografía
B0565,Viaje a los dragones,Lucía M.,1867,Thriller
B0566,El legado de el fin,Carlos D.,1813,Romance
B0567,Viaje a la selva,José P.,1932,Fantasía
B0568,Crónicas de el futuro,Ariana V.,1941,Distopía
B0569,Memorias de el futuro,Elena C.,1886,Fantasía
B0570,El guardián de el inicio,Lucía M.,1853,Misterio
B0571,La historia de la selva,Valeria B.,1923,Drama
B0572,El legado de la esperanza,Carlos D.,2022,Histórica
B0573,Memorias de el futuro,Elena C.,1876,Romance
B0574,Memorias de el fin,Martín Q.,1902,Distopía
B0575,El secreto de la selva,Elena C.,1924,Histórica
B0576,Crónicas de la esperanza,Valeria B.,1884,Thriller
B0577,Los días de el silencio,Valeria B.,1884,Biografía
B0578,La historia de el futuro,Fernando G.,1876,Distopía
B0579,El secreto de el silencio,Fernando G.,1919,Fantasía
B0580,El misterio de el fin,Fernando G.,1953,Ciencia ficción
B0581,La historia de el abismo,Lucía M.,1866,Biografía
B0582,Los días de la luna,Valeria B.,1930,Romance
B0583,La sombra de el abismo,Carlos D.,1917,Romance
B0584,El secreto de la selva,Carlos D.,2000,Distopía
B0585,Los días de la eternidad,Fernando G.,1838,Histórica
B0586,La historia de la luna,Valeria B.,1915,Distopía
B0587,La historia de el fin,Valeria B.,1849,Romance
B0588,La sombra de el inicio,Elena C.,1965,Distopía
B0589,Memorias de el inicio,José P.,1878,Romance
B0590,Viaje a la esperanza,Valeria B.,1969,Drama
B0591,El legado de el silencio,Ariana V.,1970,Misterio
B0592,Viaje a el silencio,Carlos D.,2008,Misterio
B0593,Memorias de el inicio,José P.,1870,Distopía
B0594,La historia de la esperanza,Elena C.,1990,Histórica
B0595,Memorias de el futuro,Ariana V.,1838,Thriller
B0596,Viaje a el fin,Carlos D.,1885,Thriller
B0597,El legado de el futuro,Elena C.,1963,Histórica
B0598,El guardián de la esperanza,José P.,1925,Drama
B0599,El misterio de la eternidad,Valeria B.,1902,Drama
B0600,Los días de el inicio,Carlos D.,1952,Ciencia ficción
B0601,La historia de los dragones,Martín Q.,1889,Ciencia ficción
B0602,Memorias de el fin,Valeria B.,2008,Aventura
B0603,Viaje a los dragones,Fernando G.,1804,Histórica
B0604,La historia de el abismo,Lucía M.,1886,Romance
B0605,La sombra de los dragones,Tomás K.,1815,Biografía
B0606,El secreto de la esperanza,José P.,1851,Romance
B0607,El legado de el fin,Fernando G.,1991,Biografía
B0608,La sombra de el abismo,Elena C.,1993,Histórica
B0609,El secreto de el silencio,Fernando G.,1813,Aventura
B0610,El legado de los dragones,Lucía M.,1801,Fantasía
B0611,El guardián de el fin,Martín Q.,1903,Misterio
B0612,El guardián de el inicio,Fernando G.,1855,Fantasía
B0613,Viaje a el inicio,Fernando G.,1874,Romance
B0614,La sombra de la esperanza,Fernando G.,1906,Romance
B0615,Crónicas de el futuro,Fernando G.,1866,Biografía
B0616,La sombra de el futuro,Valeria B.,1897,Histórica
B0617,El guardián de el futuro,Isabel T.,1881,Ciencia ficción
B0618,El legado de la selva,Ariana V.,1808,Romance
B0619,El legado de la eternidad,Lucía M.,1818,Histórica
B0620,Memorias de el abismo,Fernando G.,1850,Misterio
B0621,Los días de el abismo,Carlos D.,1965,Biografía
B0622,El secreto de el silencio,Elena C.,1968,Biografía
B0623,El legado de el futuro,José P.,1953,Thriller
B0624,Memorias de el abismo,Isabel T.,1974,Romance
B0625,El guardián de la esperanza,Lucía M.,1939,Misterio
B0626,La historia de la eternidad,Fernando G.,1973,Aventura
B0627,La historia de el futuro,Tomás K.,1800,Ciencia ficción
B0628,Memorias de la esperanza,Martín Q.,1870,Drama
B0629,Memorias de el abismo,Isabel T.,1924,Histórica
B0630,La sombra de el abismo,Tomás K.,1932,Drama
B0631,El misterio de el silencio,Elena C.,1996,Fantasía
B0632,El secreto de el inicio,Fernando G.,1860,Biografía
B0633,La historia de el abismo,Tomás K.,1846,Aventura
B0634,Crónicas de el inicio,Lucía M.,1993,Drama
B0635,Viaje a el abismo,Tomás K.,1868,Distopía
B0636,Memorias de el futuro,Fernando G.,1857,Ciencia ficción
B0637,El legado de el futuro,Martín Q.,1898,Drama
B0638,El misterio de la esperanza,Isabel T.,1975,Aventura
B0639,El legado de el fin,Valeria B.,1831,Ciencia ficción
B0640,La historia de el futuro,Ariana V.,1868,Fantasía
B0641,El guardián de la eternidad,José P.,1824,Drama
B0642,El guardián de la esperanza,Martín Q.,1832,Fantasía
B0643,La sombra de el inicio,José P.,1822,Drama
B0644,Viaje a el fin,José P.,1928,Misterio
B0645,Viaje a la selva,Valeria B.,1849,Histórica
B0646,El misterio de el fin,Tomás K.,1959,Thriller
B0647,El legado de la esperanza,Isabel T.,2013,Fantasía
B0648,Los días de los dragones,Lucía M.,1879,Ciencia ficción
B0649,Crónicas de la eternidad,Martín Q.,2010,Fantasía
B0650,El guardián de la selva,Elena C.,1961,Fantasía
B0651,El legado de el fin,Isabel T.,1854,Thriller
B0652,La historia de la selva,Isabel T.,1941,Biografía
B0653,El misterio de el abismo,Carlos D.,1868,Biografía
B0654,El secreto de la luna,José P.,1846,Aventura
B0655,Crónicas de la selva,Martín Q.,1805,Romance
B0656,Viaje a el abismo,Tomás K.,1845,Aventura
B0657,El secreto de el fin,Isabel T.,1875,Ciencia ficción
B0658,El guardián de los dragones,Martín Q.,1847,Drama
B0659,Los días de el fin,Lucía M.,1986,Romance
B0660,El legado de el silencio,Isabel T.,1819,Thriller
B0661,Memorias de los dragones,Martín Q.,1996,Ciencia ficción
B0662,El guardián de la luna,Valeria B.,1841,Misterio
B0663,La sombra de la eternidad,Valeria B.,1830,Romance
B0664,La sombra de la luna,Valeria B.,1990,Ciencia ficción
B0665,El misterio de la esperanza,Isabel T.,2013,Ciencia ficción
B0666,Los días de el inicio,Lucía M.,1893,Biografía
B0667,La historia de el inicio,Tomás K.,1861,Thriller
B0668,El guardián de la luna,Valeria B.,1848,Aventura
B0669,El legado de el futuro,Elena C.,1906,Fantasía
B0670,Viaje a el fin,José P.,1848,Histórica
B0671,La sombra de el fin,Martín Q.,2005,Ciencia ficción
B0672,Crónicas de la luna,Valeria B.,1954,Histórica
B0673,Los días de el inicio,Fernando G.,1839,Drama
B0674,El misterio de la esperanza,Valeria B.,1838,Fantasía
B0675,El legado de los dragones,Ariana V.,1845,Biografía
B0676,Crónicas de los dragones,Carlos D.,1900,Histórica
B0677,El secreto de el futuro,Carlos D.,2017,Ciencia ficción
B0678,Los días de la luna,Fernando G.,1874,Drama
B0679,La sombra de los dragones,Elena C.,1904,Misterio
B0680,La sombra de el inicio,Isabel T.,1897,Biografía
B0681,La sombra de el fin,José P.,2012,Histórica
B0682,El legado de el fin,Lucía M.,1915,Thriller
B0683,El legado de la selva,Isabel T.,1904,Thriller
B0684,El misterio de la luna,Fernando G.,1937,Fantasía
B0685,El guardián de el silencio,Elena C.,1893,Aventura
B0686,Viaje a la selva,Martín Q.,1972,Drama
B0687,El guardián de la eternidad,Tomás K.,2023,Drama
B0688,Memorias de la eternidad,Fernando G.,2010,Misterio
B0689,El legado de el inicio,Elena C.,1941,Aventura
B0690,El legado de el fin,Isabel T.,1922,Fantasía
B0691,El guardián de el futuro,Tomás K.,1885,Thriller
B0692,Los días de la luna,Lucía M.,1805,Drama
B0693,Memorias de el fin,Carlos D.,1912,Ciencia ficción
B0694,La sombra de los dragones,Lucía M.,1865,Drama
B0695,La historia de la selva,Isabel T.,1820,Romance
B0696,El guardián de la esperanza,Martín Q.,1907,Distopía
B0697,Crónicas de el abismo,Fernando G.,1865,Distopía
B0698,Crónicas de el fin,Martín Q.,1932,Histórica
B0699,El legado de la esperanza,Fernando G.,1948,Ciencia ficción
B0700,Crónicas de la selva,Martín Q.,2018,Biografía
B0701,Viaje a el fin,Elena C.,2012,Thriller
B0702,El misterio de el fin,José P.,1924,Misterio
B0703,Memorias de la selva,Elena C.,2015,Misterio
B0704,El legado de la selva,Valeria B.,1893,Romance
B0705,El guardián de la luna,Tomás K.,1984,Biografía
B0706,El secreto de el abismo,Martín Q.,1938,Biografía
B0707,El legado de el futuro,José P.,1931,Romance
B0708,Crónicas de la eternidad,José P.,1926,Thriller
B0709,El legado de los dragones,Tomás K.,2015,Fantasía
B0710,La sombra de el silencio,Isabel T.,1822,Distopía
B0711,El legado de la eternidad,Carlos D.,1835,Fantasía
B0712,El secreto de los dragones,Carlos D.,1830,Distopía
B0713,Memorias de la esperanza,Carlos D.,1940,Thriller
B0714,Memorias de el inicio,Ariana V.,1844,Fantasía
B0715,El guardián de el fin,Carlos D.,1964,Aventura
B0716,Memorias de la eternidad,Tomás K.,1855,Misterio
B0717,La historia de la eternidad,Valeria B.,1901,Fantasía
B0718,El legado de el inicio,Valeria B.,1821,Aventura
B0719,Crónicas de el silencio,José P.,1943,Aventura
B0720,El guardián de el silencio,Isabel T.,2003,Biografía
B0721,El misterio de el abismo,Carlos D.,1809,Aventura
B0722,El legado de la selva,José P.,1885,Biografía
B0723,El guardián de la esperanza,Valeria B.,2004,Fantasía
B0724,La historia de el fin,Fernando G.,1835,Romance
B0725,Viaje a el silencio,Valeria B.,2001,Romance
B0726,Crónicas de el fin,Carlos D.,1968,Distopía
B0727,La historia de el futuro,Fernando G.,2021,Aventura
B0728,Crónicas de la eternidad,Carlos D.,1934,Romance
B0729,Crónicas de la luna,Carlos D.,2005,Histórica
B0730,El secreto de el abismo,Isabel T.,2002,Romance
B0731,La sombra de la luna,Isabel T.,1995,Ciencia ficción
B0732,Crónicas de el abismo,Martín Q.,1989,Aventura
B0733,Viaje a el futuro,Carlos D.,1979,Biografía
B0734,El secreto de el silencio,Fernando G.,1915,Aventura
B0735,Los días de los dragones,Martín Q.,1811,Aventura
B0736,La sombra de los dragones,Elena C.,1819,Drama
B0737,Memorias de los dragones,Fernando G.,1819,Ciencia ficción
B0738,Memorias de la eternidad,José P.,1961,Ciencia ficción
B0739,El guardián de la eternidad,Tomás K.,1875,Biografía
B0740,La sombra de la eternidad,Isabel T.,1964,Romance
B0741,Los días de los dragones,Elena C.,1967,Fantasía
B0742,Memorias de la esperanza,Valeria B.,1888,Drama
B0743,Viaje a la esperanza,Martín Q.,1831,Misterio
B0744,La historia de la esperanza,Fernando G.,1938,Distopía
B0745,Crónicas de la eternidad,Fernando G.,1972,Romance
B0746,El legado de el abismo,Elena C.,1926,Histórica
B0747,El misterio de el fin,Ariana V.,2014,Histórica
B0748,Viaje a el fin,Tomás K.,1813,Drama
B0749,La sombra de los dragones,Isabel T.,1987,Thriller
B0750,Viaje a la eternidad,Ariana V.,2009,Biografía
B0751,El secreto de el inicio,Valeria B.,2003,Misterio
B0752,Los días de la esperanza,Ariana V.,1870,Biografía
B0753,El misterio de el fin,Ariana V.,1806,Aventura
B0754,Crónicas de el fin,Lucía M.,1975,Misterio
B0755,El misterio de el futuro,Tomás K.,1813,Ciencia ficción
B0756,La historia de la esperanza,Tomás K.,1802,Misterio
B0757,El guardián de la luna,Fernando G.,1954,Distopía
B0758,La historia de la esperanza,José P.,1892,Romance
B0759,La historia de la selva,Ariana V.,1908,Ciencia ficción
B0760,El misterio de la esperanza,Fernando G.,1923,Thriller
B0761,El guardián de los dragones,Fernando G.,2023,Distopía
B0762,Viaje a la eternidad,Isabel T.,2021,Distopía
B0763,El misterio de la esperanza,Lucía M.,1934,Thriller
B0764,La sombra de la esperanza,Valeria B.,1945,Aventura
B0765,El legado de la eternidad,Lucía M.,1970,Thriller
B0766,El guardián de el inicio,Lucía M.,1871,Ciencia ficción
B0767,El guardián de el inicio,Fernando G.,1802,Ciencia ficción
B0768,Memorias de la luna,Carlos D.,1855,Histórica
B0769,Los días de la selva,Lucía M.,1845,Biografía
B0770,Viaje a la selva,José P.,1953,Drama
B0771,La historia de el futuro,Martín Q.,1815,Misterio
B0772,Viaje a el abismo,Ariana V.,1990,Fantasía
B0773,Memorias de el abismo,Lucía M.,1837,Ciencia ficción
B0774,El misterio de el fin,Fernando G.,1940,Fantasía
B0775,La historia de el futuro,Martín Q.,1919,Aventura
B0776,El guardián de el fin,Tomás K.,1855,Biografía
B0777,Memorias de la esperanza,Elena C.,1807,Drama
B0778,La historia de la luna,Fernando G.,1934,Histórica
B0779,El legado de el silencio,Isabel T.,1824,Aventura
B0780,El guardián de los dragones,Ariana V.,1867,Distopía
B0781,Memorias de el abismo,Lucía M.,1896,Histórica
B0782,El misterio de los dragones,Ariana V.,1946,Romance
B0783,Los días de la selva,Tomás K.,2013,Drama
B0784,El guardián de la luna,Isabel T.,1893,Biografía
B0785,La historia de los dragones,Tomás K.,2016,Histórica
B0786,Memorias de el inicio,Lucía M.,1888,Ciencia ficción
B0787,La historia de la esperanza,Isabel T.,1953,Romance
B0788,Memorias de el futuro,Elena C.,1905,Biografía
B0789,Viaje a la esperanza,Fernando G.,1992,Romance
B0790,Memorias de el fin,Ariana V.,1922,Biografía
B0791,La sombra de la selva,Valeria B.,1963,Misterio
B0792,El legado de la esperanza,Valeria B.,2019,Distopía
B0793,El secreto de el fin,Ariana V.,1917,Drama
B0794,El legado de la luna,Valeria B.,1953,Distopía
B0795,La historia de el fin,José P.,1827,Misterio
B0796,Crónicas de los dragones,Valeria B.,1868,Romance
B0797,El misterio de el silencio,Fernando G.,1960,Romance
B0798,Memorias de la selva,Carlos D.,1873,Aventura
B0799,El legado de la esperanza,Elena C.,1921,Ciencia ficción
B0800,Los días de los dragones,Tomás K.,1918,Romance
B0801,Viaje a el futuro,Carlos D.,1934,Ciencia ficción
B0802,Los días de el abismo,Martín Q.,1972,Drama
B0803,El misterio de la selva,Elena C.,1852,Misterio
B0804,El misterio de la eternidad,Tomás K.,1808,Distopía
B0805,Memorias de los dragones,Tomás K.,1915,Thriller
B0806,El secreto de la esperanza,Elena C.,2017,Distopía
B0807,La historia de el silencio,Martín Q.,1846,Biografía
B0808,El secreto de el futuro,Lucía M.,1829,Drama
B0809,Los días de el fin,Ariana V.,1896,Distopía
B0810,La historia de el fin,Lucía M.,1901,Misterio
B0811,Los días de la luna,Tomás K.,1813,Fantasía
B0812,Los días de la esperanza,Fernando G.,1904,Distopía
B0813,Crónicas de la luna,Ariana V.,1911,Distopía
B0814,El misterio de la luna,Martín Q.,1855,Fantasía
B0815,Memorias de el inicio,Isabel T.,1993,Romance
B0816,El secreto de el fin,Tomás K.,1983,Histórica
B0817,La historia de la eternidad,Martín Q.,1952,Biografía
B0818,La sombra de el abismo,José P.,1967,Thriller
B0819,Crónicas de el futuro,Fernando G.,1902,Fantasía
B0820,El secreto de el inicio,Valeria B.,1875,Fantasía
B0821,El legado de los dragones,Ariana V.,1852,Thriller
B0822,Memorias de el fin,Isabel T.,1985,Histórica
B0823,El guardián de el silencio,Isabel T.,1827,Distopía
B0824,El secreto de el silencio,Lucía M.,2022,Biografía
B0825,Memorias de los dragones,Valeria B.,1917,Ciencia ficción
B0826,El guardián de la eternidad,Tomás K.,1941,Fantasía
B0827,Crónicas de el silencio,Carlos D.,1806,Histórica
B0828,Crónicas de los dragones,Lucía M.,2023,Biografía
B0829,El secreto de el fin,Ariana V.,1842,Ciencia ficción
B0830,La sombra de la esperanza,José P.,1901,Romance
B0831,El misterio de el futuro,Martín Q.,1852,Drama
B0832,El secreto de el silencio,José P.,1989,Drama
B0833,Crónicas de la luna,Martín Q.,1954,Ciencia ficción
B0834,Crónicas de el inicio,Fernando G.,1822,Romance
B0835,Los días de la selva,Martín Q.,1881,Romance
B0836,Viaje a la esperanza,Carlos D.,1972,Biografía
B0837,Memorias de el inicio,Ariana V.,1961,Aventura
B0838,La historia de el futuro,Fernando G.,1867,Distopía
B0839,Los días de el silencio,Elena C.,2017,Misterio
B0840,Viaje a el futuro,José P.,1844,Biografía
B0841,La sombra de la esperanza,Valeria B.,1977,Thriller
B0842,Viaje a el inicio,Isabel T.,2003,Thriller
B0843,Viaje a la selva,Ariana V.,1929,Romance
B0844,La historia de la esperanza,Fernando G.,1834,Misterio
B0845,Crónicas de el abismo,Ariana V.,1817,Ciencia ficción
B0846,El misterio de el abismo,Martín Q.,1996,Distopía
B0847,Viaje a la luna,Tomás K.,1950,Thriller
B0848,La sombra de el futuro,Fernando G.,1973,Histórica
B0849,La sombra de el inicio,Valeria B.,1801,Biografía
B0850,Crónicas de el futuro,Carlos D.,1902,Thriller
B0851,El misterio de el silencio,José P.,1955,Biografía
B0852,Los días de el silencio,Valeria B.,1997,Biografía
B0853,El legado de la luna,Tomás K.,1901,Thriller
B0854,Viaje a el futuro,Valeria B.,1925,Distopía
B0855,El misterio de el abismo,Carlos D.,1865,Ciencia ficción
B0856,El misterio de la eternidad,Valeria B.,1968,Distopía
B0857,El guardián de el futuro,Lucía M.,1955,Histórica
B0858,El guardián de el fin,Carlos D.,1940,Fantasía
B0859,Viaje a la luna,Tomás K.,1862,Drama
B0860,El guardián de el silencio,Tomás K.,1829,Ciencia ficción
B0861,Viaje a la selva,José P.,1828,Aventura
B0862,El misterio de la esperanza,Valeria B.,1930,Biografía
B0863,Los días de los dragones,Tomás K.,1846,Aventura
B0864,El secreto de la luna,Elena C.,1896,Romance
B0865,El legado de la luna,Carlos D.,1930,Thriller
B0866,El secreto de la luna,Tomás K.,1830,Histórica
B0867,Viaje a el fin,Lucía M.,1945,Misterio
B0868,El legado de el inicio,Fernando G.,1946,Fantasía
B0869,La historia de el silencio,Lucía M.,1935,Ciencia ficción
B0870,La sombra de la eternidad,Lucía M.,1915,Fantasía
B0871,El legado de el abismo,Lucía M.,1825,Ciencia ficción
B0872,La historia de el inicio,Elena C.,1876,Biografía
B0873,El legado de el abismo,Ariana V.,2023,Romance
B0874,El legado de los dragones,Elena C.,1940,Histórica
B0875,La sombra de el futuro,José P.,1867,Fantasía
B0876,El guardián de los dragones,Elena C.,1810,Fantasía
B0877,Crónicas de el abismo,Valeria B.,1911,Drama
B0878,La historia de el futuro,Elena C.,1896,Misterio
B0879,La sombra de la luna,Isabel T.,1980,Fantasía
B0880,El guardián de el futuro,José P.,1824,Thriller
B0881,El misterio de el abismo,Lucía M.,1903,Aventura
B0882,El secreto de el abismo,Isabel T.,1875,Thriller
B0883,El legado de el inicio,Isabel T.,1819,Ciencia ficción
B0884,El guardián de la esperanza,Fernando G.,1805,Thriller
B0885,La sombra de el fin,Isabel T.,1829,Ciencia ficción
B0886,El misterio de el futuro,Tomás K.,1870,Biografía
B0887,La historia de el futuro,Fernando G.,1926,Aventura
B0888,Memorias de la luna,Valeria B.,1934,Fantasía
B0889,El legado de la luna,Lucía M.,1832,Aventura
B0890,El guardián de los dragones,Martín Q.,1822,Distopía
B0891,El legado de los dragones,Martín Q.,1905,Misterio
B0892,La sombra de la eternidad,Martín Q.,1878,Thriller
B0893,El misterio de el abismo,Carlos D.,1886,Drama
B0894,Los días de el inicio,Martín Q.,1803,Misterio
B0895,Los días de la eternidad,Carlos D.,1952,Aventura
B0896,El legado de la luna,Valeria B.,1812,Misterio
B0897,Crónicas de los dragones,Valeria B.,2019,Drama
B0898,El guardián de el futuro,Isabel T.,1977,Distopía
B0899,El legado de los dragones,Martín Q.,1843,Ciencia ficción
B0900,Viaje a la eternidad,Martín Q.,1803,Aventura
B0901,El secreto de el futuro,Elena C.,1923,Misterio
B0902,Los días de el inicio,Ariana V.,1855,Drama
B0903,La sombra de los dragones,Fernando G.,1809,Fantasía
B0904,La historia de la selva,Tomás K.,1802,Aventura
B0905,El misterio de el silencio,Valeria B.,1804,Histórica
B0906,Crónicas de la selva,Elena C.,1958,Biografía
B0907,La sombra de el futuro,Tomás K.,1967,Misterio
B0908,Crónicas de la selva,Valeria B.,2019,Biografía
B0909,El secreto de la selva,Fernando G.,1865,Distopía
B0910,El misterio de los dragones,Martín Q.,1983,Ciencia ficción
B0911,Viaje a el fin,Elena C.,1823,Fantasía
B0912,Memorias de la eternidad,Lucía M.,1887,Drama
B0913,Memorias de la luna,Martín Q.,1952,Distopía
B0914,Viaje a la luna,Martín Q.,1824,Drama
B0915,Viaje a los dragones,Ariana V.,1901,Biografía
B0916,El secreto de la esperanza,Ariana V.,1961,Distopía
B0917,Los días de el silencio,José P.,1849,Fantasía
B0918,El secreto de la luna,Ariana V.,1837,Romance
B0919,El guardián de la selva,Tomás K.,1993,Histórica
B0920,El secreto de los dragones,Ariana V.,1854,Ciencia ficción
B0921,Viaje a el futuro,Elena C.,1806,Misterio
B0922,La historia de el silencio,Fernando G.,1943,Thriller
B0923,Memorias de el silencio,Elena C.,1981,Fantasía
B0924,El legado de la selva,Carlos D.,1898,Thriller
B0925,El guardián de el inicio,Isabel T.,2002,Aventura
B0926,El secreto de la eternidad,Isabel T.,1939,Histórica
B0927,El legado de el fin,Fernando G.,1874,Thriller
B0928,La historia de el futuro,Tomás K.,1950,Thriller
B0929,Los días de el silencio,José P.,1940,Thriller
B0930,La historia de la luna,José P.,2000,Ciencia ficción
B0931,El guardián de el futuro,Tomás K.,1990,Misterio
B0932,Memorias de el silencio,Martín Q.,1868,Fantasía
B0933,El guardián de el abismo,Lucía M.,1878,Drama
B0934,La sombra de la luna,Carlos D.,1954,Misterio
B0935,Crónicas de la esperanza,José P.,2011,Histórica
B0936,El misterio de el silencio,Valeria B.,1954,Drama
B0937,Memorias de los dragones,José P.,2002,Thriller
B0938,El misterio de la selva,Martín Q.,1828,Misterio
B0939,La historia de la luna,Lucía M.,1907,Misterio
B0940,Crónicas de la luna,Carlos D.,1922,Romance
B0941,El secreto de el inicio,Valeria B.,1876,Thriller
B0942,Memorias de la esperanza,Valeria B.,1879,Aventura
B0943,Viaje a el futuro,Martín Q.,1835,Histórica
B0944,El secreto de la eternidad,Fernando G.,1837,Drama
B0945,El guardián de la selva,José P.,1838,Ciencia ficción
B0946,La historia de el inicio,Isabel T.,1934,Fantasía
B0947,Crónicas de la esperanza,Carlos D.,1879,Ciencia ficción
B0948,El misterio de los dragones,Isabel T.,1988,Aventura
B0949,El guardián de el fin,Martín Q.,1844,Aventura
B0950,Crónicas de el futuro,Valeria B.,1978,Thriller
B0951,El legado de el inicio,Lucía M.,1986,Ciencia ficción
B0952,Crónicas de la selva,Valeria B.,1927,Drama
B0953,La historia de los dragones,Elena C.,1883,Fantasía
B0954,El guardián de el silencio,Tomás K.,1939,Distopía
B0955,El secreto de el fin,Valeria B.,1910,Biografía
B0956,La historia de la luna,Valeria B.,1960,Ciencia ficción
B0957,El guardián de los dragones,Valeria B.,1865,Drama
B0958,El misterio de el silencio,Lucía M.,1911,Fantasía
B0959,El guardián de los dragones,Tomás K.,1844,Drama
B0960,La historia de el inicio,Martín Q.,1848,Fantasía
B0961,El legado de el silencio,Ariana V.,1937,Thriller
B0962,El legado de la esperanza,Lucía M.,1872,Histórica
B0963,Crónicas de el fin,Carlos D.,1898,Histórica
B0964,El legado de la selva,Isabel T.,1953,Distopía
B0965,Los días de la luna,Elena C.,2019,Distopía
B0966,Los días de los dragones,Isabel T.,1830,Histórica
B0967,El secreto de la esperanza,Fernando G.,1906,Romance
B0968,Viaje a el fin,José P.,2019,Misterio
B0969,El secreto de la selva,José P.,1874,Drama
B0970,Los días de el abismo,Lucía M.,1935,Misterio
B0971,Crónicas de la eternidad,Tomás K.,1867,Thriller
B0972,Memorias de el inicio,José P.,1905,Ciencia ficción
B0973,La historia de la selva,Fernando G.,1900,Drama
B0974,El legado de el abismo,Tomás K.,1855,Thriller
B0975,El secreto de el futuro,Elena C.,1876,Histórica
B0976,El legado de los dragones,Carlos D.,2020,Fantasía
B0977,Viaje a el futuro,Isabel T.,1908,Biografía
B0978,Los días de la luna,Fernando G.,2013,Thriller
B0979,La historia de la eternidad,José P.,1886,Histórica
B0980,El legado de la eternidad,Ariana V.,2016,Thriller
B0981,Crónicas de el fin,José P.,1819,Thriller
B0982,La sombra de la luna,Lucía M.,1832,Aventura
B0983,La historia de el abismo,Lucía M.,1911,Fantasía
B0984,Crónicas de el abismo,José P.,1984,Misterio
B0985,Crónicas de la eternidad,Carlos D.,1893,Histórica
B0986,Memorias de la luna,Fernando G.,1992,Aventura
B0987,Memorias de el futuro,José P.,1823,Aventura
B0988,El legado de el silencio,Martín Q.,1826,Aventura
B0989,Crónicas de la esperanza,Tomás K.,1855,Aventura
B0990,Crónicas de el inicio,Ariana V.,1840,Misterio
B0991,La sombra de la eternidad,Ariana V.,1852,Fantasía
B0992,Memorias de el fin,Tomás K.,1877,Romance
B0993,El guardián de la esperanza,Martín Q.,1974,Fantasía
B0994,Los días de el silencio,Tomás K.,2005,Romance
B0995,El misterio de la eternidad,Lucía M.,1955,Fantasía
B0996,Los días de el silencio,José P.,1906,Fantasía
B0997,El secreto de la luna,Fernando G.,1958,Drama
B0998,El secreto de el abismo,Elena C.,1841,Thriller
B0999,El guardián de el inicio,Martín Q.,1954,Biografía
B1000,Viaje a la luna,José P.,1851,Aventura
